,time,x,y,k,l,E,A
0,0.0,-95.0,-80.0,3.0,3.0,1.0,0.0336577478392318
1,0.1,-94.29970875793187,-79.29970875793187,3.000041683582688,3.0000351011022137,1.000012797447483,0.033657532474648415
2,0.2,-93.5994263118161,-78.59942784832658,3.0000890735678976,3.0000749520511643,1.0000273376045545,0.03365774746722018
3,0.30000000000000004,-92.89915383490988,-77.89915866762567,3.000142883790868,3.000120137695901,1.0000438369192213,0.03365799125694822
4,0.4,-92.19889266687674,-77.198902808742,3.0002039205873476,3.0001713181053775,1.0000625397931076,0.03365826845707076
5,0.5,-91.49864428672046,-76.49866203801353,3.0002730683032492,3.0002292146862386,1.0000837138527563,0.03365858208741676
6,0.6000000000000001,-90.7984103783241,-75.79843836461545,3.0003513227919067,3.000294639066379,1.000107660346516,0.03365893784748056
7,0.7000000000000001,-90.09819279665689,-75.09823401171279,3.0004397736987753,3.000368476079226,1.0001347083561418,0.03365933946565521
8,0.8,-89.39799364744955,-74.3980515009106,3.0005396442183883,3.000451718038965,1.0001652271356265,0.033659793942435234
9,0.9,-88.6978152453352,-73.69789361644278,3.0006522696244917,3.0005454440503483,1.0001996190846887,0.0336603058580431
10,1.0,-87.9976602100161,-72.99776350719205,3.000779144076635,3.0006508603675077,1.000238334276561,0.03366088375954925
11,1.1,-87.29753141486209,-72.29766464263753,3.0009218948480574,3.000769275452234,1.0002818620059388,0.033661533246270484
12,1.2000000000000002,-86.59743210208352,-71.59760093516222,3.001082336951236,3.000902147101459,1.0003307477481722,0.03366226468923767
13,1.3,-85.89736582022147,-70.8975766864149,3.0012624425304666,3.001051052663206,1.0003855830944213,0.03366308490157732
14,1.4000000000000001,-85.19733656091121,-70.1975967327202,3.001464404000427,3.00121774357025,1.0004470253642406,0.033664006387158905
15,1.5,-84.49734868369818,-69.49766638053084,3.0016905981358017,3.0014041101447453,1.000515785755253,0.03366503739926144
16,1.6,-83.79740707689818,-68.79779157770622,3.0019436582642394,3.001612244070693,1.000592651788227,0.0336661929127719
17,1.7000000000000002,-83.09751706832277,-68.09797883689768,3.002226432726159,3.0018443972936577,1.0006784735346401,0.0336674828843355
18,1.8,-82.39768461243429,-67.39823543518315,3.002542066403855,3.0021030527813553,1.000774188999578,0.03366892512250408
19,1.9000000000000001,-81.69791618595137,-66.6985693246262,3.002893953473321,3.002390877177174,1.0008808083574476,0.033670531594184594
20,2.0,-80.99821900284626,-65.99898936213319,3.003285828147013,3.002710799909986,1.0009994422626802,0.03367232332026496
21,2.1,-80.29860089454792,-65.29950520717478,3.003721712038496,3.003065959519294,1.0011312841336197,0.03367431463758394
22,2.2,-79.599070553182,-64.60012758261408,3.0042060133999273,3.0034597907497997,1.0012776412107571,0.03367653016077097
23,2.3000000000000003,-78.8996373973647,-63.90086816084191,3.0047434700232705,3.003895964868843,1.0014399150965616,0.03367898702140557
24,2.4000000000000004,-78.20031184223554,-63.20173985450237,3.0053392554064238,3.004378483779469,1.0016196351396118,0.03368171379232489
25,2.5,-77.50110515386841,-62.50275669429312,3.0059989189881615,3.0049116152417623,1.0018184376823478,0.033684730906765166
26,2.6,-76.80202974182188,-61.80393414571562,3.0067284965082965,3.005499992215301,1.0020381010177186,0.03368807121534814
27,2.7,-76.10309900828813,-61.1052889848259,3.0075344505973356,3.006148544725886,1.0022805241393566,0.03369175906530341
28,2.8000000000000003,-75.40432765472967,-60.406839633005944,3.0084237810236116,3.006862601554803,1.0025477620732288,0.03369583182121261
29,2.9000000000000004,-74.70573153643824,-59.70860604140498,3.009403970325509,3.0076478216170517,1.002842005390289,0.033700318493925546
30,3.0,-74.00732796888867,-59.01061002981508,3.0104830875691873,3.008510293699243,1.0031656141350445,0.03370526106297946
31,3.1,-73.30913560489255,-58.312875196911364,3.011669745923861,3.009456471691024,1.0035210999758903,0.03371069413290475
32,3.2,-72.61117471801248,-57.61542724105521,3.0129731908883834,3.010493266287851,1.0039111562109415,0.03371666419585573
33,3.3000000000000003,-71.9134671285997,-56.91829392233963,3.014403279575089,3.011627990293739,1.0043386452221092,0.03372321261817669
34,3.4000000000000004,-71.21603643028249,-56.22150533185006,3.0159705410048487,3.012868434013961,1.0048066211138755,0.03373039001097441
35,3.5,-70.51890800363863,-55.52509394369727,3.0176861904822654,3.014222829156834,1.0053183261258274,0.03373824598441236
36,3.6,-69.82210913657352,-54.829094784121764,3.019562145424641,3.0156998970343603,1.0058772013367763,0.03374683447205754
37,3.7,-69.12566918110275,-54.133545628034284,3.0216110926570536,3.0173088423322496,1.006486896889543,0.033756215221669245
38,3.8000000000000003,-68.42961949841468,-53.4384869994169,3.023846438284286,3.0190593602476974,1.0071512648687797,0.033766444151309014
39,3.9000000000000004,-67.73399383625659,-52.74396258839605,3.026282451035696,3.0209616745122503,1.0078743895962665,0.033777593575803844
40,4.0,-67.03882800357411,-52.05001898863542,3.0289341189294086,3.023026486330128,1.008660555286459,0.03378971934928111
41,4.1000000000000005,-66.34416057443121,-51.356706438730214,3.031817397895601,3.02526507438257,1.009514304246711,0.03380290947218387
42,4.2,-65.65003218036583,-50.664078185735534,3.0349489488197836,3.0276891649510196,1.0104403714751196,0.03381721754102595
43,4.3,-64.95648661733432,-49.97219162619162,3.038346498276872,3.030311115514656,1.011443775512656,0.033832748913773164
44,4.4,-64.26356972786324,-49.281107263864,3.042028477262096,3.0331436790750503,1.0125297190503468,0.033849555157298046
45,4.5,-63.571330861613454,-48.59089020729477,3.046014435101365,3.0362003061611387,1.0137037084043634,0.0338677572579217
46,4.6000000000000005,-62.87982148473893,-47.9016088442175,3.050324669120184,3.039494776614086,1.014971430583104,0.03388740927312056
47,4.7,-62.18909673027876,-47.21333644340933,3.0549805877582217,3.0430415970851032,1.0163388802244968,0.033908640197004195
48,4.800000000000001,-61.49921413868361,-46.52614994155682,3.060004445169267,3.046855586971942,1.017812246596691,0.03393151830732048
49,4.9,-60.810234705647,-45.84013105744364,3.065419515880772,3.050952228246579,1.0193980011928903,0.03395616387102097
50,5.0,-60.12222243977973,-45.15536587449426,3.0712500814312915,3.055347366550302,1.0211028460418523,0.03398267616875779
51,5.1000000000000005,-59.43524435222501,-44.4719449107055,3.077521314647592,3.0600573925666095,1.0229337248442745,0.034011156290038085
52,5.2,-58.74937111370018,-43.7899637774077,3.0842595297342603,3.0650991393403375,1.0248978480089612,0.03404173844084362
53,5.300000000000001,-58.064675924141866,-43.10952212974698,3.091491862831202,3.0704897911654885,1.0270026245184085,0.03407450477152716
54,5.4,-57.38123608595094,-42.43072524489306,3.09924658574611,3.0762471552916164,1.0292557599273706,0.03410961695928712
55,5.5,-56.699131342856504,-41.75368238382945,3.1075528769140326,3.0823891452988414,1.0316651327163682,0.034147158016367814
56,5.6000000000000005,-56.01844515343097,-41.07850812139706,3.116440897691578,3.088934308943842,1.034238895253276,0.034187278670096445
57,5.7,-55.339264072658466,-40.4053216849279,3.125941865358523,3.0959013064302727,1.0369853999470173,0.034230102123961874
58,5.800000000000001,-54.6616774421855,-39.73424671781223,3.136087864345226,3.10330914402721,1.0399132071189727,0.034275742666508034
59,5.9,-53.98577832923162,-39.065412173500896,3.1469119823669875,3.1111773030100878,1.0430311298537542,0.034324366104490994
60,6.0,-53.31166223167246,-38.39895098422343,3.1584483012058358,3.1195251154607924,1.0463481297367114,0.034376078965793644
61,6.1000000000000005,-52.639427877040895,-37.73500091989972,3.1707317594342657,3.1283724254706278,1.0498734043774693,0.03443103672893237
62,6.2,-51.96917669969334,-37.073703951111845,3.183798212611277,3.137739193650896,1.0536163328216817,0.034489373665629194
63,6.300000000000001,-51.3010125864036,-36.41520596032973,3.197684504644006,3.147645189648297,1.0575864376967883,0.03455121967470429
64,6.4,-50.63504253974093,-35.75965741863237,3.2124282801471695,3.1581106654546667,1.0617934663354507,0.03461674882319389
65,6.5,-49.97137541744435,-35.10721196788431,3.228068039695783,3.1691557576399787,1.06624730225494,0.03468607697036146
66,6.6000000000000005,-49.31012212287647,-34.458026554203975,3.2446431841804846,3.1808004043070137,1.0709579602844836,0.03475934035511054
67,6.7,-48.651396285871435,-33.81226204644892,3.2621939169258605,3.1930646969969896,1.0759356297164773,0.03483672221583425
68,6.800000000000001,-47.99531294228853,-33.17008177880361,3.2807612127136236,3.2059686343737934,1.0811906298627911,0.034918346206718964
69,6.9,-47.34198836312004,-32.531651252143256,3.3003868553231093,3.219531973894894,1.086733393549721,0.0350043377126968
70,7.0,-46.69154032938797,-31.89713828934319,3.3211133999268503,3.2337743153877927,1.0925744763569898,0.03509484884793096
71,7.1000000000000005,-46.04408866076785,-31.26671339133012,3.342984094048647,3.24871503889523,1.0987245348944943,0.03519007292092103
72,7.2,-45.39975303701126,-30.64054743537463,3.3660429428161476,3.2643732095577787,1.1051943241337672,0.03529009775485975
73,7.300000000000001,-44.75865378467172,-30.01881228238998,3.390334663221766,3.280767581089877,1.1119946923934925,0.03539506621356597
74,7.4,-44.120911610882196,-29.401680330326517,3.4159046623443365,3.297916553232382,1.1191365728935003,0.035505119522570384
75,7.5,-43.48664783006915,-28.789324533363633,3.442798921149782,3.315838252226173,1.126630979559058,0.035620424943845
76,7.6000000000000005,-42.85598333275774,-28.181917155703662,3.4710640879022336,3.3345503005095,1.1344889874507873,0.035741104818082854
77,7.7,-42.22903825808078,-27.57962925947802,3.5007474900414404,3.3540697716659937,1.1427217300613524,0.03586727632269317
78,7.800000000000001,-41.60593199818799,-26.982630510842906,3.5318970673734698,3.3744132276417043,1.151340396814385,0.03599907037176626
79,7.9,-40.986782916169275,-26.391088681510976,3.564561356033795,3.395596685217513,1.1603562276556598,0.036136614741176305
80,8.0,-40.371708067313456,-25.805169150514498,3.598789474659872,3.417635585366075,1.1697805085982123,0.03628003387941267
81,8.1,-39.76082292616054,-25.225034410298026,3.6346311132989695,3.4405447658976525,1.1796245683716977,0.036429448779332615
82,8.200000000000001,-39.15424112191993,-24.6508435814041,3.672136525653461,3.4643384378146878,1.189899776341364,0.0365849769246221
83,8.3,-38.55207418492892,-24.082751940141424,3.7113565253525094,3.4890301658085594,1.2006175418788017,0.036746732326483386
84,8.4,-37.9544313069132,-23.5209104637073,3.7523424870373545,3.5146328533429947,1.2117893153852504,0.03691482566791709
85,8.5,-37.36141911788246,-22.96546539727205,3.7951463531580263,3.5411587327765885,1.2234265911888194,0.037089364574929486
86,8.6,-36.77314088491403,-22.41655728988244,3.8398204259889326,3.5686187057060605,1.235540769019763,0.037270418333215406
87,8.700000000000001,-36.18969719903803,-21.874321502747435,3.886417714842215,3.5970234363715172,1.2481433936256696,0.03745810870152612
88,8.8,-35.611185523649326,-21.338887535718957,3.934991850011896,3.6263829391146865,1.2612460768051537,0.037652536035064826
89,8.9,-35.03769969206081,-20.81037837616624,3.9855969810914478,3.6567062405593584,1.2748604293606356,0.03785377655773983
90,9.0,-34.469329229617344,-20.288909741272438,4.038287607150067,3.688000975954535,1.2889979713014943,0.03806187057246163
91,9.1,-33.90616092916349,-19.774591435160943,4.0931192578003435,3.7202749366392798,1.3036705009028795,0.03827696762225648
92,9.200000000000001,-33.348276616408725,-19.26752508904105,4.150147725248208,3.753534175810383,1.3188896632093319,0.03849907318604712
93,9.3,-32.795754747868955,-18.76780559620719,4.2094293637911475,3.7877844054245107,1.3346672284321757,0.03872830681483876
94,9.4,-32.24866953854787,-18.275520147226885,4.271020676920705,3.8230303289062713,1.3510149172299162,0.0389647316214183
95,9.5,-31.70709059822969,-17.79074780100025,4.33497946887137,3.8592756946919824,1.367944614742895,0.03920838414851908
96,9.600000000000001,-31.171082871494495,-17.313559475931942,4.401364210193005,3.8965231278015415,1.3854682381724286,0.03945930036490415
97,9.700000000000001,-30.64070834712536,-16.84401946472018,4.470233574201469,3.93477527159639,1.4035978381682168,0.039717643604749324
98,9.8,-30.116021784298432,-16.382181469348964,4.541646171165243,3.9740320261526265,1.4223451226718753,0.03998325879118869
99,9.9,-29.59707583152957,-15.928093291093408,4.615663207317222,4.014293988526685,1.4417224697381605,0.04025636890148617
100,10.0,-29.083918474248705,-15.481794589915395,4.692344544256706,4.055560694095686,1.4617419592370304,0.04053701173913467
101,10.100000000000001,-28.576591355419502,-15.04331529608544,4.771751746148787,4.097829566500193,1.482415754227118,0.040825078900019775
102,10.200000000000001,-28.07513256167919,-14.61267833492562,4.853946581379207,4.141097706553999,1.5037561177203753,0.04112068409002145
103,10.3,-27.579576063229663,-14.189899088225676,4.9389918455384585,4.185361467073613,1.525775496618636,0.04142388881127725
104,10.4,-27.089951241057317,-13.77498508793348,5.026951063391273,4.230616118390939,1.5484864217029273,0.041734710993691096
105,10.5,-26.606282924153405,-13.367936172667475,5.117888529454462,4.276855846785577,1.5719015194842014,0.04205316447662087
106,10.600000000000001,-26.128591211087798,-12.968744477844956,5.211868412380712,4.324073702911203,1.5960333473241646,0.04237924120057619
107,10.700000000000001,-25.656892620731032,-12.577395481884738,5.308957795030931,4.372261838990068,1.6208949831891346,0.04271301781334894
108,10.8,-25.19119787687365,-12.193866466247872,5.409220569559634,4.421411020312619,1.6464988518777461,0.04305437867971384
109,10.9,-24.731515056412654,-11.818129026426647,5.5127248365525885,4.471511273956801,1.672858166959957,0.04340346199807381
110,11.0,-24.27784837654118,-11.450148448072143,5.619539510547503,4.522551647456851,1.699986286769448,0.0437602992736677
111,11.100000000000001,-23.83019675262758,-11.08988270291326,5.729731175484973,4.574519854797667,1.7278960894005349,0.04412477686898349
112,11.200000000000001,-23.388556879562532,-10.737284944636166,5.843369822082651,4.62740292938304,1.75660112221052,0.04449705144334489
113,11.3,-22.95291993622468,-10.392301188836408,5.960525482603832,4.681185833622581,1.7861147874969912,0.04487695118101661
114,11.4,-22.52327352724483,-10.054872099898986,6.081268776699668,4.7358524326606615,1.8164505917045235,0.04526447997266882
115,11.5,-22.099604293082447,-9.724935199076738,6.205672245375513,4.791386663484143,1.8476225670608943,0.04565990253131286
116,11.600000000000001,-21.68189352472081,-9.402421581601514,6.333806740466107,4.847770595721531,1.8796443225492172,0.04606301526179612
117,11.700000000000001,-21.27011626828576,-9.087255401525452,6.465743488075652,4.904983311246412,1.9125292698733105,0.04647347764558713
118,11.8,-20.86425132251536,-8.779361840746994,6.601558155436182,4.963005863793409,1.9462921044423025,0.04689204720948931
119,11.9,-20.464267559110766,-8.478656807714076,6.741323158715216,5.021814754034685,1.980946436058805,0.04731793409010136
120,12.0,-20.07013694997923,-8.185057040820444,6.885114940248377,5.081387922990888,2.0165070144247434,0.04775182108026906
121,12.100000000000001,-19.681823324383334,-7.898471822627325,7.033007393405564,5.14169942095367,2.0529877407352206,0.04819305746318612
122,12.200000000000001,-19.299294501961338,-7.618812195568002,7.185079039846751,5.202724892200033,2.0904038019826876,0.04864243984656088
123,12.3,-18.92250666867589,-7.345979645161691,7.341403347586432,5.2644343430441225,2.1287688287923947,0.04909881165475783
124,12.4,-18.551422844920666,-7.079879782038465,7.502059906009536,5.326800425398283,2.168098179051459,0.04956332922020188
125,12.5,-18.185997058597998,-6.820411015003454,7.667122940322689,5.389791612470775,2.208405805304284,0.05003510043752388
126,12.600000000000001,-17.8261814548144,-6.567469835058409,7.836668552500288,5.4533744200574406,2.2497059505420034,0.050514113852652684
127,12.700000000000001,-17.471931548078242,-6.320954703435758,8.010777065428698,5.517516013126195,2.2920139646641102,0.05100108961472253
128,12.8,-17.123200804247706,-6.080762341616309,8.189529457496947,5.582181733112622,2.3353452898443163,0.05149600720104826
129,12.9,-16.779935838511523,-5.846784622713798,8.373003111694878,5.647332987447198,2.3797143604628426,0.05199811124486953
130,13.0,-16.442078615380733,-5.618910320533156,8.561269574442061,5.712928864641568,2.425134382210691,0.05250690265563042
131,13.100000000000001,-16.10957775516246,-5.397032742056962,8.754410489547507,5.778929034209031,2.47162082371257,0.05302358052220576
132,13.200000000000001,-15.782381009192626,-5.181044837738173,8.952508665865755,5.845291384733424,2.5191893803715812,0.053548236522392524
133,13.3,-15.46042584556835,-4.9708331736736815,9.155634014339652,5.9119693284420896,2.567852862095396,0.054079404974729385
134,13.4,-15.143656852456884,-4.766289330118621,9.363868096964154,5.978916387491382,2.617626615992248,0.05461840023524857
135,13.5,-14.832015139462131,-4.567303213958537,9.577288788247385,6.046083337363668,2.6685251523805578,0.05516481349307789
136,13.600000000000001,-14.525436521005105,-4.373762023165625,9.795967000292123,6.113417540213964,2.720561407358524,0.055717854515163485
137,13.700000000000001,-14.223864413952317,-4.185558427865557,10.019985456987198,6.180866478759177,2.7737509281249233,0.05627900169692183
138,13.8,-13.927229316618382,-4.002577929799438,10.249407690726716,6.248371934266187,2.82810497054888,0.056846005864750596
139,13.9,-13.635475012522239,-3.8247150268469996,10.484317140144483,6.31587725841299,2.8836392210415265,0.057421442122611945
140,14.0,-13.34853096543619,-3.6518565223585715,10.724774828205812,6.383319525815732,2.9403643545856553,0.05800264941782938
141,14.100000000000001,-13.066338711354678,-3.4838974412247614,10.970859561810633,6.450636916169827,2.998295021164846,0.05859206861768647
142,14.200000000000001,-12.788831848714187,-3.320729186034392,11.222636736218044,6.5177629947759925,3.0574428757288112,0.059188179537103626
143,14.3,-12.51594168657558,-3.162242954836569,11.480168399923935,6.5846276049276335,3.1178187136465416,0.05979050551779897
144,14.4,-12.24760449073474,-3.0083340185204284,11.743523679409714,6.651159279884959,3.1794348911289125,0.06040011779810442
145,14.5,-11.983746315196171,-2.8588931180959762,12.012749211661466,6.717281486753148,3.2422988555698145,0.06101474007956078
146,14.600000000000001,-11.724308174939992,-2.7138206633402615,12.28791382148019,6.782919304123327,3.3064230548019937,0.06163773558419961
147,14.700000000000001,-11.469228883743936,-2.573017084028748,12.569081919075096,6.84799417061304,3.371818911491435,0.06226867415793304
148,14.8,-11.218425113114272,-2.4363720394425403,12.85627996590922,6.912417036974517,3.438489119001301,0.06290213299852143
149,14.9,-10.97183558388809,-2.303788611928325,13.149562125366772,6.976103538952054,3.5064428957066314,0.06354336649419079
150,15.0,-10.72940271829559,-2.1751731678934574,13.448986052151369,7.038967430308269,3.5756902798879846,0.0641933669186065
151,15.100000000000001,-10.491047299180991,-2.050422050933472,13.754574251943815,7.100911169347004,3.6462330572008024,0.06484640072282162
152,15.200000000000001,-10.256706771841818,-1.929441841911136,14.06636435409013,7.161840745896029,3.7180768432536815,0.06550672619697358
153,15.3,-10.026311547688977,-1.812136910625329,14.384378384116914,7.221656094472409,3.791223634186965,0.06617230349030002
154,15.4,-9.799788850480343,-1.6984115223499918,14.708628814495059,7.280252279319004,3.8656731945263108,0.06684199438393315
155,15.5,-9.57708581836088,-1.588181379374245,15.039153518947819,7.337528111132244,3.9414313377667916,0.06752147235137851
156,15.600000000000001,-9.358119076606124,-1.4813485964650004,15.37593318825908,7.393368268510486,4.018490651281564,0.0682014522659389
157,15.700000000000001,-9.142836806681125,-1.3778322060288235,15.718993218689599,7.44766490268415,4.096854248054054,0.06889133549991722
158,15.8,-8.931160673967307,-1.2775399746870488,16.068305042349202,7.500297708664653,4.176512842420406,0.0695826060422503
159,15.9,-8.723035164142404,-1.1803920004395942,16.423871465125483,7.55115049294859,4.257464536033771,0.07028235032587647
160,16.0,-8.518382723007674,-1.0862996066310409,16.785645002839694,7.600096465488989,4.3396959636540435,0.07098298765564513
161,16.1,-8.317149747664578,-0.9951866333502308,17.153613162419152,7.647012886298567,4.423201939958339,0.07169237390008402
162,16.2,-8.119254736543335,-0.9069658202859747,17.527697536284446,7.691765205594055,4.507962310977537,0.0724003964321772
163,16.3,-7.924649403325457,-0.8215662104530442,17.907874764400134,7.734225081864281,4.593969642052943,0.07311864186037241
164,16.400000000000002,-7.73324859104704,-0.7389021879216963,18.29403239418019,7.774250796883095,4.68119634436325,0.07383311626260403
165,16.5,-7.545000676957835,-0.6589041609921517,18.686115125634874,7.811706167516187,4.769627963800254,0.07455601985363601
166,16.6,-7.359836457440184,-0.5814964994271742,19.084016408055597,7.84644764872019,4.859238583838613,0.07528022159182299
167,16.7,-7.17768865201419,-0.5066059109344372,19.48761819251698,7.8783291284961905,4.949999832324787,0.07600593438473142
168,16.8,-6.998508272814862,-0.4341680179730946,19.89683106491041,7.90720557177462,5.0418899624470335,0.07674035007614836
169,16.900000000000002,-6.822212256070622,-0.3641061653426942,20.311467653879088,7.932922758263771,5.134865335307755,0.07746858640497821
170,17.0,-6.648749080098717,-0.29635773869832815,20.73139950050846,7.955329668160653,5.228895710663184,0.07820360712074616
171,17.1,-6.478068534435962,-0.23086191876318773,21.15648748437278,7.974273017906896,5.3239486338973,0.07894582231780464
172,17.2,-6.310089038852586,-0.16754732742653256,21.58649227737744,7.989593565599542,5.419969399758568,0.07968031740085328
173,17.3,-6.144761798033781,-0.1063564010596516,22.021240300408248,8.001134165096216,5.516918167572543,0.08042167211363786
174,17.400000000000002,-5.982023515650868,-0.04722754122341119,22.460495366119776,8.00873513084766,5.614741347061804,0.08116253770975695
175,17.5,-5.821795812681317,0.009904824416347657,22.903961203039596,8.01223540085227,5.713372135293252,0.0818945657899011
176,17.6,-5.66402888474599,0.0650946561612329,23.351400335425424,8.011474345459797,5.812756968789931,0.08263132761197686
177,17.7,-5.508677511423904,0.11839311038771128,23.802570935751234,8.006290525239132,5.91284152311398,0.08337493454795607
178,17.8,-5.355684192873784,0.16985431430719697,24.257174540699907,7.996522784546671,6.01355914455123,0.08411850227171723
179,17.900000000000002,-5.204957354245397,0.21954231887311568,24.71477330398654,7.982014091746892,6.114812524647347,0.08484236576110814
180,18.0,-5.056453468687398,0.2675039203259566,25.175060094573173,7.962604679057096,6.216533411880922,0.08557204918672826
181,18.1,-4.910130307772192,0.31378438525358543,25.63771309478328,7.938135334329945,6.31865054310232,0.08630807681351335
182,18.2,-4.765934535917281,0.3584313296745121,26.102352901313306,7.908450527369009,6.421080206278288,0.08704358963708832
183,18.3,-4.623771127234795,0.4015037794501418,26.56842479329231,7.87340838167234,6.523700278996433,0.0877524165052159
184,18.400000000000002,-4.483600559586679,0.4430425658392796,27.035540756367947,7.832857725179314,6.626425477849143,0.08846705059937852
185,18.5,-4.3453849531603295,0.48308700919970965,27.503299164081877,7.786649587893125,6.729167781976702,0.08918833266953197
186,18.6,-4.209058969471229,0.521683203001003,27.971172660422347,7.7346490328244,6.831811788618252,0.08989813747793363
187,18.7,-4.074555459552943,0.5588764038557165,28.43860405427342,7.676729682859411,6.934235824895379,0.09059400033640078
188,18.8,-3.941827296678329,0.5947051043695112,28.905086022485435,7.612763449741883,7.036329361736743,0.0912882261331731
189,18.900000000000002,-3.8108136467110745,0.6292103096165091,29.37003127670473,7.542636055826297,7.137964541005703,0.09197065345429312
190,19.0,-3.681459625686889,0.6624302368869648,29.83285150025847,7.466239040820888,7.239013508801648,0.09264434137104455
191,19.1,-3.553734535260982,0.6943958723751453,30.293031979384526,7.3834572488066765,7.3393647504144575,0.0933258551817888
192,19.200000000000003,-3.4275700258834103,0.7251465170098557,30.749890492008223,7.294209596403666,7.43887044679348,0.09398729043316877
193,19.3,-3.302899780424925,0.7547196597514737,31.202734346896733,7.198427863651909,7.537380812919701,0.09462863092399983
194,19.400000000000002,-3.179692566660282,0.7831433943737739,31.650984993743617,7.096027190389998,7.634771066946046,0.09527533688812513
195,19.5,-3.0578608767107736,0.8104575833225148,32.093823790751586,6.986983434943907,7.730864415170768,0.09588324846726648
196,19.6,-2.9373803327447012,0.8366867908613983,32.530661188763546,6.871229986735942,7.825534036564193,0.09650030015921772
197,19.700000000000003,-2.8181996276846855,0.8618605194154179,32.960790141478284,6.748738108095669,7.918627894366595,0.09710474669052682
198,19.8,-2.7002582702970974,0.8860090707609909,33.38345541377204,6.6195045607535175,8.009983741858514,0.09768805783565926
199,19.900000000000002,-2.583536634169781,0.9091534515060901,33.79804797778547,6.483494920179068,8.099471215899285,0.09828311445132153
200,20.0,-2.4679376982866676,0.9313288479688944,34.20365886721826,6.340783918768097,8.186895429477376,0.09882427429678911
201,20.1,-2.3534292037376074,0.9525567997391335,34.599615594131656,6.19138640325906,8.272112716113195,0.0993648278539011
202,20.200000000000003,-2.239949879662112,0.9728632202604997,34.98513308050355,6.035371503510983,8.354955311400671,0.09987905523756693
203,20.3,-2.1274537142076753,0.9922702109292397,35.35948165092474,5.872806387294153,8.435267587861933,0.10037919973064836
204,20.400000000000002,-2.015904652143726,1.0107972371637632,35.7219686253413,5.703760826497779,8.51290210619255,0.10087343479045953
205,20.5,-1.9052322514561189,1.0284684050167194,36.07178932751611,5.5283768842875,8.587687664847941,0.10132995054929174
206,20.6,-1.7954231507564686,1.0452977917843247,36.40833794993382,5.346723580688048,8.659495837981076,0.10179989204639725
207,20.700000000000003,-1.686385134761968,1.0613105010739092,36.73076551553905,5.15902142732013,8.72814655070087,0.10220984788493373
208,20.8,-1.5781101270729563,1.0765182724576705,37.03850186906251,4.965364996953574,8.793519334471844,0.10263718304297681
209,20.900000000000002,-1.4705166627638095,1.0909422041671724,37.33077394008957,4.765999772814634,8.855450898003934,0.10301220651905568
210,21.0,-1.3635836251023346,1.104594287406027,37.607004892598674,4.561078455714601,8.913819785440928,0.1033914335498497
211,21.1,-1.2572409817338814,1.1174918085188306,37.86650876998358,4.350867060305601,8.968481809693662,0.1037272484270706
212,21.200000000000003,-1.1514441151985495,1.1296478830196044,38.10869722141752,4.135601670714347,9.019313653902964,0.10404337653040972
213,21.3,-1.0461399987629736,1.1410756124256707,38.33299174710908,3.915552788380107,9.066194334751968,0.10433094777693236
214,21.400000000000002,-0.9412821327402352,1.1517863994260067,38.53886471383238,3.6909946989874953,9.109013874904697,0.10459576832778206
215,21.5,-0.8368284992315244,1.1617902698158953,38.725833864053925,3.4622079089159934,9.14767212952226,0.1048418113338792
216,21.6,-0.7327223333231303,1.1710976792377368,38.89343085627885,3.2295213414039585,9.182072327551385,0.10505382056122828
217,21.700000000000003,-0.628931029175278,1.1797160043486346,39.04127008886857,2.99322337074391,9.212135168014768,0.10525567691579944
218,21.8,-0.5253890432167593,1.187654380623761,39.168962970260694,2.753691806999068,9.237781435319828,0.10541368895844988
219,21.900000000000002,-0.4220718527647081,1.1949178790494401,39.27622081256382,2.511220072582117,9.258952646358857,0.10556918174936732
220,22.0,-0.3189063236756754,1.2015140164090727,39.36275194579931,2.2662281467473897,9.275590769618548,0.10567232500727416
221,22.1,-0.21587498625978757,1.207445830251012,39.42836426529135,2.019010889870441,9.287657988316587,0.10577980997339988
222,22.200000000000003,-0.11289798064294054,1.2127189806751013,39.472876657295004,1.7700231280771885,9.295120315231612,0.10582752170555075
223,22.3,-0.009964183290303325,1.2173346868866552,39.49619216407819,1.5195567121835003,9.29796021059349,0.10588592599853085
224,22.400000000000002,0.09301246741420935,1.2212965589609595,39.498250311779564,1.2680937566596964,9.296169826463192,0.1058779466855444
225,22.5,0.19603711490214087,1.2246041716078555,39.47904619398197,1.0159178462162335,9.28975115334721,0.10588679366577619
226,22.6,0.29920184924793686,1.2272589189947878,39.438646713962406,0.7635309339329608,9.27872386225834,0.10582316234706256
227,22.700000000000003,0.40250584931231637,1.229258881118748,39.37713373016635,0.5112023841623936,9.26310825541275,0.10578258142518028
228,22.8,0.5060474128212311,1.2306030798734966,39.29470529891425,0.25944694309688265,9.242952275115321,0.10566363276072477
229,22.900000000000002,0.6098251834950974,1.231288282247657,39.19152821782461,0.008527523997724218,9.218294205743872,0.10556847991512824
230,23.0,0.7139326779953102,1.2313109345706987,39.06791965856134,-0.24106320691107277,9.189207291165165,0.10540069239102935
231,23.1,0.8183752010213512,1.2306664863953523,38.924135584625745,-0.48905659138133717,9.155748880861504,0.10525023124832235
232,23.200000000000003,0.9232381115508511,1.229348951739396,38.76059571476914,-0.7349969639742892,9.118013782165105,0.10503654443636233
233,23.3,1.0285357643337267,1.2273522472594507,38.57764782668452,-0.9786099184070977,9.076079024431209,0.10483153422792123
234,23.400000000000002,1.1343439600576746,1.2246681813399989,38.37579544395667,-1.2194855420172037,9.03005684083472,0.10457423237114584
235,23.5,1.2406876356760428,1.2212888487841185,38.15547954884495,-1.4573459403132054,8.980044265363428,0.10431576132905494
236,23.6,1.347631345570578,1.2172041410750378,37.91726520925097,-1.691834840438293,8.926166068956766,0.10401759085953921
237,23.700000000000003,1.4552123959619667,1.2124039697488977,37.66168804405438,-1.922672618219518,8.868539640214873,0.10370708160122931
238,23.8,1.563482152251351,1.2068766737988226,37.38934947112416,-2.149563278844261,8.807296777320223,0.1033711873571667
239,23.900000000000002,1.672492294355235,1.2006095361833615,37.100881432717145,-2.3722268621937177,8.742575642657153,0.10301039797393513
240,24.0,1.7822788387955837,1.1935897948788017,36.79689435738849,-2.5904327164122405,8.674509100377504,0.10264025262721763
241,24.1,1.8929100199541176,1.185801566112945,36.47811853227753,-2.8039017296318463,8.603256589703498,0.10223127196724527
242,24.200000000000003,2.0044041692358756,1.177231534252932,36.1451448507513,-3.0124718435009905,8.528945832122902,0.10183060133729827
243,24.3,2.116848389389438,1.167860011505528,35.79880425568255,-3.215865923369704,8.451758117908449,0.10137583732725257
244,24.400000000000002,2.230254678121428,1.157672536616024,35.439686601404986,-3.4139670427023225,8.371820330438787,0.10093617854939985
245,24.5,2.344703911344395,1.1466474416517172,35.06862916270096,-3.606550569462626,8.289314549808507,0.10045052660853893
246,24.6,2.4602240956565806,1.134767040379612,34.68628715930578,-3.793504392951033,8.204381838063547,0.09996678945081873
247,24.700000000000003,2.576870039887463,1.122009926888984,34.29341554002073,-3.9746876937627746,8.117185412510644,0.09946215676360574
248,24.8,2.6946968572526595,1.108353521027919,33.89077079376421,-4.149978334821187,8.027888631737431,0.09893743707398558
249,24.900000000000002,2.8137305555777257,1.0937776569329791,33.4789962755863,-4.319315624353807,7.936629524904365,0.09841792414800375
250,25.0,2.9340623218339963,1.0782529717298026,33.05897870889214,-4.482559961533209,7.843600201806175,0.09785031745063281
251,25.1,3.0557204565135008,1.0617570028642407,32.63135148916984,-4.639680479548229,7.748936159304968,0.09728761748348932
252,25.200000000000003,3.178769290435299,1.0442613354547061,32.19688070660771,-4.790613363335534,7.652802451017235,0.09670141585067088
253,25.3,3.3032594660162626,1.0257382895678493,31.756265603613492,-4.935329743884514,7.555349179828816,0.0961037580035524
254,25.400000000000002,3.4292175205338866,1.0061627972633662,31.310096857168205,-5.073843285613906,7.456702349940109,0.09551394018950626
255,25.5,3.556732160632009,0.9854988784185669,30.859196561624653,-5.206110991105794,7.357039420286856,0.09488531902315725
256,25.6,3.6858319982632333,0.9637190474919995,30.40412789214253,-5.3321712948330875,7.256480266992965,0.09426437887227763
257,25.700000000000003,3.816561829991328,0.9407920995923015,29.945502746830883,-5.452056256506452,7.155155725468579,0.0936394442471126
258,25.8,3.9489940029303288,0.9166807108759696,29.484022036947323,-5.565784623842374,7.053216449376806,0.09299159486304429
259,25.900000000000002,4.083161180618328,0.8913535823836484,29.020207636050262,-5.673423247769786,6.950773388488202,0.09234995508121495
260,26.0,4.2191208654567545,0.8647735921094379,28.554657760417467,-5.775026917783271,6.8479545466831215,0.09169772136533631
261,26.1,4.356953549938248,0.8368976683386284,28.088033244582302,-5.870644436827543,6.744901848196899,0.09102056176645267
262,26.200000000000003,4.496696089341867,0.8076902562569637,27.620802898111062,-5.960368015170828,6.641714724856616,0.09034874298638938
263,26.3,4.638392696898345,0.7771131607737762,27.153444154296952,-6.0442914360419975,6.538494713465851,0.0896777274396031
264,26.400000000000002,4.782118699292422,0.7451200979243403,26.686528752089032,-6.12249735372434,6.435364417959123,0.08898847649003144
265,26.5,4.927913979173114,0.7116713409298524,26.220468761542115,-6.195096858712439,6.332411117015038,0.08830415821179517
266,26.6,5.075820048125508,0.6767256490169978,25.7556625844209,-6.262204813129225,6.2297192639320285,0.08762398932008855
267,26.700000000000003,5.225915024466412,0.6402317137440197,25.292613982944214,-6.323923795291556,6.127396791608836,0.0869267952643005
268,26.8,5.378264073778335,0.6021398115474572,24.83175307927285,-6.380369543731802,6.02553542534323,0.08622146334467648
269,26.900000000000002,5.532911381406354,0.5624041163486538,24.373413476569684,-6.4316708898678,5.924205660018595,0.08552069707661634
270,27.0,5.689902400918319,0.5209772324558245,23.917913767105954,-6.477958862382983,5.823474871611343,0.08482403175162538
271,27.1,5.849293177058979,0.4778076274084764,23.465588658569494,-6.519363826949773,5.723414215702146,0.08412606624410522
272,27.200000000000003,6.011159495728166,0.4328368645570596,23.0168108929302,-6.556013747975654,5.624103412196231,0.08341709815554983
273,27.3,6.175560872393206,0.3860094526008193,22.571873231247995,-6.588043766569465,5.525604559290115,0.082706591708631
274,27.400000000000002,6.342545237976223,0.3372717914628506,22.131014395368865,-6.615593243684412,5.427967978114085,0.08200090858019572
275,27.5,6.512161270937302,0.28656870747259855,21.694458089818234,-6.638801932584112,5.331240860783852,0.08129989783435694
276,27.6,6.684465959581527,0.2338411078603527,21.262433581776303,-6.6578086849278195,5.235471818162424,0.0805998452625165
277,27.700000000000003,6.859541895082619,0.17902038005334997,20.835222646137026,-6.672750140225278,5.140721273165533,0.0798893873143468
278,27.8,7.037440907722992,0.12204591514346419,20.4129989194962,-6.683766763100232,5.047025782919114,0.07918354718716267
279,27.900000000000002,7.21821220247625,0.06285651448952811,19.995913077486883,-6.690998413920943,4.954416991623563,0.07848369757301878
280,28.0,7.401924323594268,0.0013830770798272107,19.584148733711938,-6.694583326209261,4.862934042897837,0.07778168791968418
281,28.1,7.588638511405615,-0.06244270904366442,19.177853300737667,-6.6946592285343165,4.772608184631642,0.07708121983348405
282,28.200000000000003,7.7784046914771,-0.1286868234790586,18.777132317027448,-6.691362574198782,4.683461519098421,0.07638730694237757
283,28.3,7.971286378028554,-0.197421562993482,18.38210975729356,-6.684828602750116,4.595520437672576,0.07569463232028166
284,28.400000000000002,8.167351622093435,-0.2687225490519544,17.99290432698724,-6.6751912513500145,4.508810311202657,0.07500186124740914
285,28.5,8.366649980280037,-0.34266028766262746,17.60958016324633,-6.662581491986965,4.423344486149011,0.07431647198448668
286,28.6,8.56924951946268,-0.4193137869243905,17.23222965141313,-6.647129827285728,4.33914280217598,0.07363166550510263
287,28.700000000000003,8.775213273393753,-0.49876188155808165,16.860921095601174,-6.628964167107119,4.256219854167159,0.07294969519654536
288,28.8,8.98458938109272,-0.5810792536349201,16.495682055800824,-6.60820836878087,4.174581261521698,0.07227605548546258
289,28.900000000000002,9.197458842021847,-0.6663552518271297,16.136594346280596,-6.584988367900703,4.0942449981459355,0.07159948745934154
290,29.0,9.413869134010664,-0.7546675205041216,15.783663555721985,-6.559422715430292,4.015212027750554,0.07093177462430739
291,29.1,9.633887477036144,-0.8461034100210056,15.436924111768922,-6.5316306486984,3.937489982264589,0.0702664120678551
292,29.200000000000003,9.85757249602086,-0.9407484257687598,15.09638535171497,-6.501727229177142,3.8610809671775637,0.06960640724578929
293,29.3,10.084983003602273,-1.038689823984003,14.762049233775306,-6.46982500507351,3.7859855776676556,0.06895179486427808
294,29.400000000000002,10.316182494152253,-1.1400185908396303,14.43391806688172,-6.436034696546855,3.712204628151539,0.0683012569854273
295,29.5,10.551228149370042,-1.2448246445559308,14.111977376967156,-6.400463037651422,3.639735254193124,0.06765679284521647
296,29.6,10.790191455289285,-1.353206040446449,13.79623173722372,-6.363216840059763,3.5685789937304095,0.06701435614383618
297,29.700000000000003,11.033129466681272,-1.4652560026842683,13.486652307610587,-6.324397357173361,3.4987299835183254,0.06637822661410296
298,29.8,11.280099374204061,-1.581069459931703,13.18320553984224,-6.284103093284005,3.430181409376509,0.06574835774075427
299,29.900000000000002,11.5311630928517,-1.7007452312148605,12.885859884228143,-6.242431177105804,3.362927063982182,0.06512349288468222
300,30.0,11.786372140373988,-1.8243788054773382,12.594567278512264,-6.199473069764841,3.2969569798145604,0.06450634589058687
301,30.1,12.045805952586427,-1.9520809247030997,12.309314994724714,-6.155324793753741,3.2322694322753347,0.06388981875610324
302,30.200000000000003,12.309511080361569,-2.083947784226149,12.0300370491447,-6.110071448219006,3.168850619593881,0.06328224207765401
303,30.3,12.57754011970956,-2.220080081568505,11.75667357964814,-6.063797289928189,3.1066882732412946,0.0626819557825303
304,30.400000000000002,12.849969154195803,-2.3605921430648036,11.489198222862429,-6.016589756968494,3.0457777828074843,0.06208339563508531
305,30.5,13.126845592015036,-2.505585023108794,11.227538440177947,-5.9685265677731705,2.9861041247701405,0.06149325391069366
306,30.6,13.408219343057617,-2.6551624854813047,10.971624924072355,-5.919683699522869,2.9276530829019567,0.06091076169485814
307,30.700000000000003,13.694163892640518,-2.809442393958619,10.721418689899746,-5.870141042184723,2.87041745969853,0.06033069039538939
308,30.8,13.98472530947532,-2.9685292226302877,10.476840072018733,-5.819969058778544,2.8143808700099706,0.059758920978787156
309,30.900000000000002,14.279962365410086,-3.132535785557054,10.237829797274651,-5.769238831725374,2.759531508445284,0.05919262352825445
310,31.0,14.579923431259303,-3.3015703430141152,10.00431094515189,-5.718016975651376,2.7058537174535537,0.058633806060981127
311,31.1,14.884664514191893,-3.4757467250698295,9.776218210798993,-5.66636982802561,2.65333447951679,0.0580807856221378
312,31.200000000000003,15.19424031110823,-3.655179192442133,9.553480706130902,-5.614361916614044,2.6019597038917293,0.05753371443833372
313,31.3,15.508704503040311,-3.8399825994547494,9.336029871972457,-5.562054902872244,2.551715715272475,0.05699265331555235
314,31.400000000000002,15.828101514597467,-4.030267307029158,9.123783540056532,-5.509506484526919,2.502585885083187,0.056459140683645756
315,31.5,16.152486551030794,-4.226151114866827,8.916676692772315,-5.456774976789906,2.4545573995423347,0.05593104247077082
316,31.6,16.48190245501979,-4.427745108209753,8.714626721427532,-5.403914110656467,2.4076136103488968,0.055410371611457336
317,31.700000000000003,16.81639689635804,-4.635164116420335,8.517559764347066,-5.350977038608426,2.36173982682821,0.05489607517234847
318,31.8,17.156016190445154,-4.848522765470903,8.325401558208185,-5.298014932714595,2.3169212911997685,0.05438818816216268
319,31.900000000000002,17.500800942167203,-5.067932574165927,8.138071449711212,-5.245076095930609,2.273141874613319,0.05388742802870432
320,32.0,17.85079283648004,-5.293506179653854,7.955492738553836,-5.192207564565839,2.230386333375926,0.05339337939545064
321,32.1,18.20603398316196,-5.525356780196568,7.777591838289867,-5.139454966863396,2.1886401085143254,0.05290574840743179
322,32.2,18.566563581742415,-5.76359577173164,7.604291285338611,-5.086862279492106,2.1478879098004793,0.05242475604824404
323,32.300000000000004,18.93241860502669,-6.008333124349323,7.4355137385377725,-5.034471548773226,2.1081144690762943,0.05195048808367521
324,32.4,19.303632034510894,-6.259676005954742,7.271180911040505,-4.982322342377487,2.0693042535373194,0.05148326060824341
325,32.5,19.68023601872418,-6.517730710923666,7.111217012716399,-4.9304527745873585,2.0314422626148234,0.05102291638934523
326,32.6,20.06226099189219,-6.782601841357413,6.9555463774530315,-4.87889959787519,1.9945135696153076,0.050569422125889836
327,32.7,20.449739260354697,-7.054394661877623,6.804095392747725,-4.827699679616666,1.958503888002447,0.050122265035379594
328,32.800000000000004,20.842693536208206,-7.333206924513448,6.6567862810851866,-4.776885575117107,1.923397776317221,0.049682431879985535
329,32.9,21.24114688891729,-7.619135598282255,6.5135436539181155,-4.7264894172179766,1.8891804173242972,0.0492495746136794
330,33.0,21.64512320189726,-7.91227706927831,6.3742946069591255,-4.676543139982995,1.855837659877275,0.04882330383317448
331,33.1,22.05463673331583,-8.212719363551141,6.238962625872723,-4.627074510092698,1.8233543078998242,0.04840450384183489
332,33.2,22.469708816006282,-8.520554106093682,6.1074773870826995,-4.578113766155931,1.791716892711606,0.047992020801874896
333,33.300000000000004,22.890347910422967,-8.835861639250549,5.979763340074287,-4.529685748611247,1.760910413459781,0.04758706897681203
334,33.4,23.31656843758732,-9.158724759053877,5.855750411878907,-4.481817544170228,1.730921419701283,0.047188646799563146
335,33.5,23.74837552222503,-9.489217083948803,5.7353655778392145,-4.434532352728521,1.7017355593602057,0.046797494752136785
336,33.6,24.1857741866031,-9.827409741748932,5.618539256753097,-4.38785309055798,1.6733392790128228,0.04641329903176429
337,33.7,24.628768516224728,-10.173370488751564,5.50520271373447,-4.3418024800276225,1.6457193458891222,0.046035851488724244
338,33.800000000000004,25.077355129941562,-10.527158455011888,5.3952851731081255,-4.296400254454774,1.6188619083415015,0.04566562494222037
339,33.9,25.53152815978101,-10.888827775235157,5.288716854504855,-4.251665266982523,1.5927533581308797,0.04530254774450638
340,34.0,25.991280974652444,-11.258428782088325,5.185430058898828,-4.207616278755594,1.5673806402114552,0.044946371871479936
341,34.1,26.456603832572615,-11.636005956907605,5.085359795453009,-4.164270764585186,1.542731185072608,0.04459708138606428
342,34.2,26.927481347543317,-12.021595482165246,4.988438233547943,-4.121644335006978,1.5187918029603746,0.04425491074772305
343,34.300000000000004,27.403895015501266,-12.41522723698046,4.894598326217343,-4.0797516300210335,1.495549476884662,0.04391982884482836
344,34.4,27.88582410452407,-12.816925365295477,4.803777216741693,-4.0386065011768135,1.4729919993981402,0.04359170987429587
345,34.5,28.37324336159305,-13.226705938286484,4.71590907694692,-3.998221509499337,1.4511065951469715,0.04327065597098173
346,34.6,28.866124469121484,-13.644578253802337,4.6309306016410305,-3.958608269405464,1.429880962662193,0.042956612994949524
347,34.7,29.364435446085295,-14.070544031273808,4.5487789385091775,-3.9197773065578407,1.4093028730947705,0.042649583411444786
348,34.800000000000004,29.86814055271339,-14.504597185504512,4.469391329413792,-3.8817380438243507,1.389360099987329,0.04234957408754281
349,34.9,30.377200427845466,-14.946723850690448,4.392706609844575,-3.8444988386294705,1.3700406873637339,0.04205657158943561
350,35.0,30.891573432804904,-15.396903340428524,4.3186639731340035,-3.808067753538205,1.3513328428412736,0.04177045320167911
351,35.1,31.411213349328914,-15.85510616006822,4.2472032814263905,-3.77245133380134,1.3332248010331675,0.04149128140204008
352,35.2,31.93606961858775,-16.321294049326614,4.178265030936336,-3.7376547371322046,1.3157048310634099,0.04121909592581793
353,35.300000000000004,32.466088421769115,-16.795420816253127,4.1117892623876475,-3.703682189270043,1.2987611112353548,0.040953852566855256
354,35.4,33.00121402312038,-17.277433641393934,4.047719480141794,-3.670538127223587,1.2823825903284405,0.04069539011596353
355,35.5,33.541385036502156,-17.767269537771156,3.9859971003588424,-3.638224529743863,1.2665575926093513,0.04044385208182631
356,35.6,34.086538167745154,-18.264858834656593,3.9265648670322952,-3.6067433430819538,1.25127479173217,0.04019908743156103
357,35.7,34.63660565806608,-18.770122933466773,3.8693671222831822,-3.576095181097975,1.2365230469624653,0.03996113540755664
358,35.800000000000004,35.19151695145638,-19.282975691945513,3.8143478994463016,-3.5462798318022526,1.2222911468802629,0.039729921426147514
359,35.9,35.75119831410208,-19.80332327976627,3.761451784111133,-3.517296150643033,1.2085679380452774,0.03950539747067884
360,36.0,36.31557325223908,-20.331064670953012,3.710624210833926,-3.489142397294078,1.195342425101716,0.03928748749493872
361,36.1,36.88456085793928,-20.866090226164708,3.66181123350966,-3.4618151284348313,1.1826035488882534,0.039076235243545566
362,36.2,37.45807877859162,-21.408284481284696,3.6149598283276205,-3.4353110938392764,1.1703405371092184,0.03887148247314963
363,36.300000000000004,38.03604114549695,-21.95752447982986,3.5700169990179997,-3.409625490824512,1.1585424669687872,0.038673218597331784
364,36.4,38.61835939142439,-22.513680692988665,3.5269303655751667,-3.384752624497282,1.1471984670749753,0.03848138222712248
365,36.5,39.20494268131929,-23.07661761664812,3.4856482497347794,-3.360686190515374,1.1362977730947375,0.038295888598139906
366,36.6,39.795698090120936,-23.64619417804758,3.4461196703704813,-3.3374193865623973,1.125829740796736,0.03811664636823717
367,36.7,40.39053001016457,-24.22226343030495,3.4082940655489287,-3.3149441765514167,1.1157836749467693,0.03794360970087168
368,36.800000000000004,40.989340866652796,-24.804673434663457,3.3721214781861724,-3.2932518037631775,1.1061489395420068,0.03777669438741769
369,36.9,41.592031278803795,-25.393267677120775,3.3375525455054635,-3.2723327983653743,1.0969149529986535,0.03761581334284353
370,37.0,42.19850023643452,-25.98788550985513,3.304538494308675,-3.252176989835516,1.0880711852038247,0.03746087616028798
371,37.1,42.808645289672356,-26.58836261309347,3.27303114116097,-3.2327735238949953,1.0796071562227603,0.03731178880450478
372,37.2,43.42236274954706,-27.194531473048556,3.2429828966968985,-3.2141108835595276,1.0715124364713118,0.03716845342562217
373,37.300000000000004,44.03954789728473,-27.806221871581155,3.2143467733529367,-3.1961769139130114,1.0637766481806523,0.037030768276341254
374,37.4,44.66009520020485,-28.423261383318522,3.187076395917622,-3.1789588502174975,1.05638946799658,0.036898627717296795
375,37.5,45.283898532209534,-29.045475876077955,3.1611260143666122,-3.1624433489807338,1.0493406305696815,0.03677192229682206
376,37.6,45.91085139694892,-29.67269001060108,3.136450518517233,-3.1466165216138493,1.0426199330051575,0.03665053889279136
377,37.7,46.540847151848105,-30.304727735796735,3.113005454095821,-3.1314639703247615,1.03621724005233,0.03653436090555559
378,37.800000000000004,47.17377923128692,-30.94141277591372,3.0907470398624866,-3.116970825907206,1.030122489923889,0.0364232684922338
379,37.9,47.80954079439691,-31.58256852851622,3.0696322297291743,-3.1031217164086526,1.0243256961750573,0.03631717164218727
380,38.0,48.44802588683061,-32.228019451511315,3.0496186157033742,-3.0899010670005507,1.0188169785812238,0.036215923470037714
381,38.1,49.08912940501172,-32.87759131426331,3.0306645075777965,-3.077292815979949,1.013586526217365,0.036119388188274225
382,38.2,49.73274718453067,-33.5311114792959,3.0127289623777647,-3.0652805926241298,1.0086246291894558,0.03602743543017711
383,38.300000000000004,50.378776198369486,-34.18840930565905,2.995771803472198,-3.0538477605582934,1.0039216864512417,0.03593993308646421
384,38.400000000000006,51.02711404020985,-34.84931580864923,2.979753583274444,-3.042977548233584,0.9994682190947357,0.03585678659875733
385,38.5,51.677660122522816,-35.513665080240436,2.964635680520737,-3.032652821441084,0.9952548459917487,0.03577784308285063
386,38.6,52.33031588836409,-36.18129461823503,2.950380292563647,-3.022856381794001,0.9912723303154027,0.03570294806304002
387,38.7,52.98498445138279,-36.85204511391483,2.936950392745206,-3.013571081032037,0.9875115897949198,0.035631974598655
388,38.800000000000004,53.64157041450038,-37.52576043289005,2.92430981137524,-3.004779487153139,0.9839636521213465,0.03556481269927652
389,38.900000000000006,54.29998077568743,-38.2022885968104,2.912423273761565,-2.996464128620006,0.980619700355945,0.03550131197697846
390,39.0,54.960124906072885,-38.881481839166355,2.9012563011658656,-2.988607817680899,0.9774711095038954,0.0354413304468116
391,39.1,55.621914635171755,-39.56319684561064,2.8907753853415916,-2.981193269074825,0.9745094095304123,0.035384726582064006
392,39.2,56.28526347102791,-40.24729395482596,2.8809478497443495,-2.9742031242429454,0.9717262652712273,0.035331408994122286
393,39.300000000000004,56.95008816748596,-40.93363879423527,2.8717419326954916,-2.9676204482981663,0.9691135724833622,0.03528120811951547
394,39.400000000000006,57.61630832560464,-41.62210196768125,2.863126901663209,-2.961428368475555,0.9666634144934251,0.03523397974030682
395,39.5,58.2838451269449,-42.31255771357994,2.8550727458208596,-2.9556101273131614,0.964368019882729,0.03518965379626244
396,39.6,58.95262348975004,-43.004886168232495,2.847550586227197,-2.950149287695906,0.9622198630661216,0.03514804912620179
397,39.7,59.622570948493795,-43.69897217596352,2.8405324110058165,-2.945029770221692,0.9602116265361099,0.03510904871779659
398,39.800000000000004,60.29361724180374,-44.39470488555612,2.833991120276111,-2.9402355450115447,0.9583361553970415,0.035072560499993216
399,39.900000000000006,60.9656955036723,-45.09197891031842,2.827900614090269,-2.9357511123229054,0.9565865521264072,0.03503843374304031
400,40.0,61.63874169667149,-45.79069374488403,2.8222357554372524,-2.931561314299822,0.9549561381443556,0.03500654937575658
401,40.1,62.31269397282024,-46.490753056596596,2.8169722625440055,-2.927651174780679,0.9534384086285284,0.034976824925011696
402,40.2,62.987493908815026,-47.19206589933397,2.81208688523219,-2.9240063102828877,0.9520271301818557,0.0349491154248054
403,40.300000000000004,63.66308563034267,-47.89454577906165,2.807557288433008,-2.9206126655783637,0.9507162767304126,0.03492332278107201
404,40.400000000000006,64.33941573953663,-48.59811050814554,2.8033620124608576,-2.917456546593646,0.9495000282164856,0.034899354627084024
405,40.5,65.01643394653598,-49.3026828007691,2.79948060047278,-2.9145248170512326,0.9483728242427928,0.03487708643333423
406,40.6,65.6940921726124,-50.0081892854524,2.7958934234829407,-2.911804661420551,0.9473292951988976,0.03485644111114569
407,40.7,66.37234509284693,-50.71456099410672,2.792581778842625,-2.909283780769298,0.9463643111385766,0.034837314025119574
408,40.800000000000004,67.05115002834137,-51.42173319013766,2.7895278824325405,-2.906950372562573,0.9454729768533918,0.03481960594925112
409,40.900000000000006,67.73046624945937,-52.129644573459174,2.7867146954955553,-2.9047929632330507,0.9446505751733651,0.03480325419947935
410,41.0,68.41025591180676,-52.83823818401324,2.784126158583103,-2.902800688646657,0.9438926522840299,0.03478814711035997
411,41.1,69.09048307113261,-53.547460307601256,2.7817469248448914,-2.9009630684394963,0.9431949360217827,0.03477422369253968
412,41.2,69.77111416367934,-54.25726091709409,2.779562528272869,-2.8992700986573237,0.9425533787559165,0.034761397317070786
413,41.300000000000004,70.45211770866787,-54.967593278745156,2.7775592367668738,-2.8977122881602178,0.9419641395660607,0.03474959629401834
414,41.400000000000006,71.13346409300091,-55.6784136869081,2.7757240794954803,-2.8962804880005524,0.9414235596834047,0.03473875880668432
415,41.5,71.81512581348335,-56.38968162417694,2.774044826293385,-2.894966109866702,0.9409281960578473,0.03472881011945408
416,41.6,72.49707716592042,-57.10135940067523,2.7725099724575872,-2.8937609514237863,0.9404747892253226,0.03471968981963393
417,41.7,73.17929414948217,-57.813411976514736,2.771108663804132,-2.8926572460234796,0.9400602594938918,0.03471134181803528
418,41.800000000000004,73.86175457773649,-58.52580702933236,2.769830751822566,-2.891647689296086,0.9396817203500644,0.034703702731989805
419,41.900000000000006,74.54443763975684,-59.23851443844527,2.76866666052086,-2.890725309905818,0.9393364348920531,0.034696730806178605
420,42.0,75.2273242164649,-59.951506558166024,2.767607466595634,-2.889883614697909,0.9390218534015584,0.03469036669743309
421,42.1,75.91039653251148,-60.664757811323305,2.7666448179649747,-2.889116451517412,0.9387355768369714,0.03468456751035951
422,42.2,76.59363811690353,-61.3782445910538,2.76577088722885,-2.888418051650024,0.9384753564428094,0.034679291391140926
423,42.300000000000004,77.27703388346485,-62.09194530924116,2.764978432332595,-2.887783029669912,0.9382391035467141,0.034674490668482646
424,42.400000000000006,77.96056975154052,-62.80583994831593,2.7642606417824145,-2.8872062959360516,0.9380248495846503,0.0346701362941848
425,42.5,78.64423293456683,-63.51991032811212,2.763611250209521,-2.886683150697247,0.9378307807912342,0.03466618282227893
426,42.6,79.32801154235922,-64.23413964881411,2.763024392554803,-2.8862091609223492,0.937655193642182,0.03466260419392093
427,42.7,80.01189473742122,-64.94851261921112,2.762494658203831,-2.8857802283806997,0.9374965151685127,0.03465936505957527
428,42.800000000000004,80.69587258412416,-65.66301526659329,2.7620170428472823,-2.885392536954304,0.9373532862029655,0.03465643657616555
429,42.900000000000006,81.37993592545597,-66.37763477446138,2.7615868929215646,-2.885042526237843,0.9372241478802604,0.0346537952555532
430,43.0,82.06407649689116,-67.09235957547138,2.7611999595604932,-2.884726930043102,0.9371078569129597,0.034651410458815375
431,43.1,82.74828662245136,-67.80717900322692,2.7608522718854074,-2.8844426794411824,0.9370032485871982,0.03464926634800545
432,43.2,83.43255942087758,-68.52208348553498,2.760540224350059,-2.8841869804160223,0.9369092640962752,0.034647335310886256
433,43.300000000000004,84.11688856619074,-69.2370642685794,2.7602604778338518,-2.8839572324599265,0.9368249206867582,0.03464560116037443
434,43.400000000000006,84.80126832422216,-69.95211343469029,2.7600099753625273,-2.8837510464130878,0.9367493172307866,0.034644044911212514
435,43.5,85.48569351002517,-70.66722383768499,2.759785925410239,-2.883566232367017,0.9366816294632745,0.03464264886113667
436,43.6,86.17015937161545,-71.38238896245689,2.75958575075654,-2.8834007600366287,0.9366210949628659,0.03464140055903941
437,43.7,86.8546616702062,-72.09760299320853,2.7594071257568324,-2.883252791798829,0.9365670247991547,0.03464028255359532
438,43.800000000000004,87.53919651318766,-72.8128606218082,2.759247900641143,-2.883120622480906,0.9365187810397849,0.03463928535740023
439,43.900000000000006,88.223760430071,-73.52815711463657,2.7591061379200954,-2.883002710051498,0.9364757878599519,0.034638394824133965
440,44.0,88.9083502726603,-74.24348819390651,2.75898006568215,-2.8828976401169317,0.9364375179442703,0.03463760133922722
441,44.1,89.59296320298964,-74.95885001394635,2.758868073210931,-2.8828041218694334,0.93640349108801,0.03463689531912382
442,44.2,90.27759668837528,-75.67423914501941,2.7587687083002197,-2.8827209890888317,0.9363732739307049,0.03463626685170304
443,44.300000000000004,90.96224842044317,-76.38965247862366,2.7586806393008754,-2.882647167673234,0.9363464682926304,0.03463570973313996
444,44.400000000000006,91.64691636321584,-77.10508726941207,2.758602678359394,-2.8825816975909717,0.9363227186668476,0.03463521475394126
445,44.5,92.33159866724455,-77.82054103654585,2.7585337392903093,-2.8825236985004024,0.9363016995545363,0.03463477672378131
446,44.6,93.01629369253128,-78.53601158110482,2.7584728499540465,-2.8824723796223592,0.9362831191469573,0.03463438883872171
447,44.7,93.70099997036509,-79.2514969388972,2.758419132339527,-2.8824270255433446,0.9362667136865905,0.034634045894338286
448,44.800000000000004,94.38571618391849,-79.96699535450604,2.7583717936338448,-2.8823869876670103,0.9362522445686563,0.03463374334834905
449,44.900000000000006,95.07044117166349,-80.68250527936884,2.758330127452382,-2.8823516873321275,0.93623949906923,0.03463347614764334
450,45.0,95.75517388410945,-81.39802532153037,2.7582934918345696,-2.8823205968094188,0.9362282835529876,0.034633241203163724
451,45.1,96.43991340246896,-82.11355426109374,2.758261319067278,-2.8822932483663104,0.9362184266039052,0.03463303417439055
452,45.2,97.1246589019756,-82.8290910075339,2.7582330960301555,-2.8822692184904626,0.9362097731613392,0.034632852384642296
453,45.300000000000004,97.80940965513015,-83.54463459991416,2.758208366489765,-2.8822481292336617,0.9362021851200681,0.03463269276041115
454,45.400000000000006,98.49416501851937,-84.26018418967305,2.758186723453952,-2.882229643153184,0.9361955392320592,0.03463255270754708
455,45.5,99.17892441831803,-84.97573902276136,2.7581678017567497,-2.882213456280529,0.9361897247112001,0.034632430203661496
456,45.6,99.86368735396063,-85.69129844094259,2.7581512797252827,-2.882199300606653,0.9361846439251029,0.034632322861807965
